,pca0,pca1,tsne0,tsne1,impath,action
0,0.061427116,-0.07990589,-8.459178,-26.180532,0.png,3
1,0.033705715,-0.020190008,41.023155,-19.611364,1.png,3
2,0.021029525,-0.011848948,42.03633,-18.217346,2.png,0
3,0.0028588534,-0.0090489695,42.550842,-15.34813,3.png,1
4,0.013165293,-0.009108112,43.025368,-13.613929,4.png,1
5,-0.01724323,0.007843315,39.16965,-4.1764154,5.png,1
6,-0.03415113,0.012351321,39.761765,-3.3177023,6.png,0
7,-0.09560132,-0.015083473,27.244778,10.35839,7.png,0
8,-0.09755068,-0.027458392,25.27115,12.121202,8.png,0
9,-0.10125931,-0.041685022,24.053463,13.588133,9.png,0
10,-0.071317226,-0.07017975,21.860708,15.565528,10.png,0
11,-0.089195155,-0.08637851,18.23744,17.979704,11.png,2
12,-0.06629396,-0.10475044,16.671091,19.330671,12.png,2
13,-0.055979077,-0.10919397,14.783437,20.57978,13.png,2
14,-0.036207795,-0.10659181,9.9438095,22.043968,14.png,0
15,-0.0021973716,-0.11505318,7.3353295,21.612385,15.png,0
16,-0.042377945,-0.09579738,4.0016904,23.900492,16.png,2
17,-0.10257347,-0.046248343,-4.169259,27.795353,17.png,1
18,-0.12296362,-0.0154139,-5.527546,28.159441,18.png,3
19,-0.16940856,0.044990417,-8.2894335,29.524822,19.png,3
20,-0.14526795,0.10421049,-13.455324,28.702978,20.png,0
21,-0.13226311,0.21658643,-28.390276,27.429789,21.png,0
22,-0.0377822,0.23909074,-37.546738,24.466202,22.png,1
23,0.004745842,0.25501302,-41.83345,23.260351,23.png,1
24,0.04654363,0.25964466,-45.29407,23.001402,24.png,1
25,0.1453931,0.23964462,-50.34226,13.387004,25.png,1
26,0.20206454,0.17017505,-50.098316,-2.3245108,26.png,3
27,0.21014021,0.07011962,-42.555843,-6.326109,27.png,3
28,0.29858536,0.075252995,-43.105095,-24.355062,28.png,0
29,0.35103467,0.026597615,-41.155956,-28.27621,29.png,1
30,0.25233293,-0.036201626,-26.3119,-36.485847,30.png,3
31,0.26371852,0.03023416,-3.5479624,-53.900738,31.png,0
32,0.26073,0.05275019,-4.05442,-54.362274,32.png,0
33,0.14264068,0.17156969,19.831806,-38.382763,33.png,3
34,0.095371775,0.054397352,18.388277,-32.06963,34.png,3
35,0.0558961,-0.019340284,17.72003,-29.427938,35.png,3
36,0.014541236,-0.013151939,17.09695,-24.275854,36.png,3
37,0.006936664,-0.038134515,17.527298,-20.314013,37.png,3
38,-0.0032732799,-0.052499007,17.359385,-17.487974,38.png,3
39,-0.04925086,-0.07534901,13.790007,-11.927046,39.png,3
40,-0.07135512,-0.044005707,14.352621,-4.0723906,40.png,3
41,-0.07601233,-0.059919424,13.690969,-2.4458747,41.png,1
42,-0.08042931,-0.051829778,9.854908,0.8756958,42.png,3
43,-0.08717329,-0.05123259,9.201704,1.6871688,43.png,1
44,-0.062943146,-0.09717274,4.4599767,9.731764,44.png,2
45,-0.03558979,-0.12588127,4.009466,10.806399,45.png,0
46,0.023378087,-0.11153927,3.6641033,11.461925,46.png,3
47,0.0686433,-0.14663807,-14.782653,-29.770967,47.png,1
48,0.08511506,-0.15264386,-15.057786,-29.045815,48.png,0
49,0.08927649,-0.15556607,-15.475759,-29.091484,49.png,2
50,0.09127378,-0.15833318,-15.666216,-29.587355,50.png,1
51,0.05904889,-0.07659908,-8.458861,-26.234652,51.png,3
52,0.02660971,-0.013863417,41.24539,-19.64773,52.png,3
53,-0.0021903878,-0.018440405,41.990772,-17.59324,53.png,3
54,-0.0032875314,0.0022739696,42.853966,-14.825524,54.png,3
55,-0.0009805479,-0.015056619,42.538464,-13.237936,55.png,3
56,-0.026073333,0.0011191503,38.647186,-4.015107,56.png,2
57,-0.044891465,0.0070242635,39.418842,-2.9150805,57.png,2
58,-0.10469115,-0.003878644,27.805096,9.525069,58.png,2
59,-0.10532056,-0.017972233,26.02402,11.725281,59.png,0
60,-0.11311906,-0.037706576,24.592644,13.28984,60.png,0
61,-0.07608887,-0.06631487,22.182953,15.398007,61.png,0
62,-0.08811737,-0.08417243,18.511961,17.876663,62.png,2
63,-0.07432488,-0.10569414,16.729786,19.565866,63.png,2
64,-0.0604429,-0.10925027,14.870698,20.688065,64.png,2
65,-0.040126123,-0.10953827,10.24055,22.075422,65.png,0
66,-0.01923841,-0.11161482,7.8867908,22.10625,66.png,0
67,0.0070248665,-0.10475561,6.3821893,21.483772,67.png,0
68,-0.01918792,-0.07906195,4.307823,21.796867,68.png,1
69,-0.04679588,-0.058684953,-3.5591462,25.477556,69.png,3
70,-0.0909537,-0.03230519,-5.255699,26.473734,70.png,3
71,-0.07888807,0.056671288,-11.761439,27.083345,71.png,0
72,-0.082632236,0.13975503,-28.319494,25.342632,72.png,0
73,-0.03668142,0.18397547,-36.877518,23.075077,73.png,1
74,0.013420249,0.16978297,-39.980747,20.984198,74.png,0
75,0.0662272,0.23914601,-43.28042,20.763073,75.png,1
76,0.1291788,0.19239293,-47.42536,10.134735,76.png,1
77,0.17468622,0.16433494,-48.82424,0.610629,77.png,0
78,0.19425924,0.07435144,-43.682487,-5.508462,78.png,3
79,0.28185895,0.018437456,-44.41531,-24.016829,79.png,0
80,0.33130872,-0.012294486,-42.461296,-26.730446,80.png,2
81,0.25471404,-0.030005034,-25.597452,-36.9122,81.png,0
82,0.24186027,0.0013531663,0.35679582,-51.464287,82.png,3
83,0.25570837,0.08477445,-0.62894464,-54.110466,83.png,3
84,0.13163656,0.16873568,21.96781,-37.58695,84.png,3
85,0.048096992,0.077236295,22.865852,-33.832653,85.png,0
86,0.032726478,0.041376423,23.152142,-32.498306,86.png,3
87,-0.004271119,-0.014469817,19.943968,-22.871553,87.png,3
88,0.0042085596,-0.043833178,18.924765,-18.883759,88.png,1
89,-0.04133785,-0.042265747,18.446188,-15.977741,89.png,2
90,-0.07157225,-0.04051196,15.988087,-8.592097,90.png,3
91,-0.101115584,-0.027706299,15.377669,-2.649205,91.png,3
92,-0.12907404,-0.023054743,13.458102,1.0096182,92.png,3
93,-0.12624377,-0.03834644,12.628614,1.99343,93.png,2
94,-0.12437484,-0.067107596,10.256296,4.992416,94.png,2
95,-0.097067125,-0.09924873,15.506685,44.804363,95.png,3
96,-0.07321952,-0.117692,15.59742,45.377937,96.png,3
97,-0.049736027,-0.14522189,15.125654,46.482742,97.png,2
98,-0.056516204,-0.14623903,18.974323,51.891922,98.png,1
99,-0.09762701,-0.074814975,-4.1366744,10.737282,99.png,1
100,-0.08951823,-0.028740814,-5.866258,10.289013,100.png,1
101,-0.07470147,-0.02733385,-6.2906427,10.149966,101.png,3
102,-0.036488745,0.013215359,-7.648809,9.605569,102.png,1
103,0.0066755377,-0.027446441,-13.168741,1.6706046,103.png,1
104,0.023191638,-0.00544945,-13.800901,1.6582627,104.png,3
105,0.045698926,0.057557784,-15.849445,1.3188181,105.png,3
106,0.06957883,0.118975066,-18.092434,0.90083677,106.png,0
107,0.09574208,0.10841868,-21.820803,-2.2751985,107.png,0
108,0.13576959,0.07033462,-24.588825,-4.5594935,108.png,3
109,0.20046408,0.0064158873,-27.933249,-9.003607,109.png,3
110,0.26730838,0.003580152,-29.366066,-9.833327,110.png,1
111,0.3632625,-0.036477357,-34.81299,-29.618883,111.png,1
112,0.25223184,-0.0926326,-26.977533,-34.838684,112.png,0
113,0.35641724,-0.020663483,-9.83233,-55.19967,113.png,0
114,0.27376744,-0.015379741,-10.23959,-55.143085,114.png,1
115,0.15995358,0.0891632,15.082875,-32.196537,115.png,3
116,0.098676965,0.017073877,16.252903,-30.696812,116.png,1
117,0.06175814,0.026400778,16.87024,-29.800087,117.png,3
118,-0.014952482,-0.048215494,19.264301,-22.253714,118.png,3
119,-0.0132180005,-0.06707341,19.453358,-18.824207,119.png,1
120,-0.046199594,-0.038800552,18.981607,-16.302896,120.png,2
121,-0.059971422,-0.06147582,34.048943,1.9953402,121.png,2
122,-0.091237195,-0.0046091047,29.357683,7.0346546,122.png,2
123,-0.1126586,-0.059029024,31.559359,14.118878,123.png,1
124,-0.12860063,-0.06917401,30.935585,15.300206,124.png,2
125,-0.13663863,-0.08262375,24.833027,27.223886,125.png,0
126,-0.12523472,-0.1041113,23.726427,28.184519,126.png,0
127,-0.10443124,-0.11139773,22.448795,28.965956,127.png,2
128,-0.08113626,-0.13522348,6.882264,28.792664,128.png,3
129,-0.10628036,-0.13594675,4.776002,30.018442,129.png,3
130,-0.18022123,-0.055776928,-1.9581416,30.91523,130.png,2
131,-0.19633034,-0.01977372,-6.8035817,30.820381,131.png,0
132,-0.21665817,0.040423717,-7.862614,30.83897,132.png,1
133,-0.15672201,0.093873575,-13.174417,28.830797,133.png,0
134,-0.10142799,0.14524044,-28.374731,25.963255,134.png,0
135,-0.002238745,0.16729744,-36.648262,22.280806,135.png,0
136,0.040596128,0.11557112,-39.10786,17.036207,136.png,0
137,0.07547,0.12455833,-40.85794,14.125319,137.png,0
138,0.13095935,0.10028236,-43.450634,7.6688266,138.png,1
139,0.13673367,-0.001980218,-43.413036,4.0150948,139.png,0
140,0.16099711,-0.071143605,-35.299812,-18.119287,140.png,0
141,0.2229365,-0.037144314,-36.443474,-18.079468,141.png,0
142,0.26736477,-0.05657395,-38.586807,-18.235146,142.png,3
143,0.18970336,-0.093797766,-24.965557,-34.212963,143.png,1
144,0.2527302,-0.0314656,11.146966,-51.99768,144.png,3
145,0.2475662,0.0006262854,10.823174,-51.484543,145.png,3
146,0.107132174,0.10906246,29.347902,-44.5165,146.png,3
147,0.07426977,0.060855284,33.224808,-40.0367,147.png,3
148,0.03762858,0.023128448,37.457287,-33.04238,148.png,0
149,-0.013312943,0.0042893384,40.81848,-26.739756,149.png,2
150,-0.027012425,-0.0113915205,41.308582,-25.901417,150.png,2
151,-0.037562836,0.0495417,44.40425,-10.37627,151.png,2
152,-0.06615736,0.044585094,43.81145,-9.53996,152.png,1
153,-0.092661925,0.031606056,31.300705,6.771032,153.png,0
154,-0.102841474,-0.038919892,29.9533,11.736744,154.png,1
155,-0.13455458,-0.038781658,29.401794,15.211864,155.png,1
156,-0.18436682,-0.08132981,26.646152,36.640495,156.png,1
157,-0.14613304,-0.11676894,27.140135,38.855244,157.png,3
158,-0.09626627,-0.12178071,25.95439,41.46593,158.png,2
159,-0.011139754,-0.14745323,8.6116705,17.36492,159.png,2
160,-0.04152257,-0.14613011,26.609434,43.96947,160.png,3
161,-0.19931294,-0.085516594,31.924263,49.98582,161.png,3
162,-0.29761875,0.0039012528,-8.455207,54.148365,162.png,1
163,-0.30087763,0.123221345,-19.021778,43.828686,163.png,1
164,-0.2457674,0.16149087,-23.25475,34.946827,164.png,0
165,-0.14502358,0.25222674,-35.68801,27.810997,165.png,0
166,0.034771826,0.35420048,-42.914803,24.053144,166.png,1
167,0.13132283,0.29681328,-49.239212,12.911232,167.png,1
168,0.1501956,0.16574316,-49.417313,1.6113821,168.png,1
169,0.23908912,0.045981947,-46.91648,-11.849353,169.png,1
170,0.25823024,-0.047050487,-42.102337,-17.747921,170.png,1
171,0.18549602,-0.11159061,-24.494478,-34.1389,171.png,1
172,0.23392515,-0.06368137,12.217473,-51.65002,172.png,3
173,0.20664573,0.0031856047,12.900035,-51.620136,173.png,3
174,0.15098502,0.09178538,32.23838,-44.246387,174.png,2
175,0.06776493,0.083527096,33.850693,-41.62485,175.png,2
176,0.015388582,0.0723751,34.286224,-17.809399,176.png,2
177,-0.024473242,0.03994462,35.18658,-16.389471,177.png,0
178,-0.06482002,0.030999722,40.001675,-7.3268538,178.png,0
179,-0.11890025,-0.011609432,26.012114,9.981806,179.png,0
180,-0.16021045,-0.05074905,28.038383,14.573623,180.png,0
181,-0.17129621,-0.06906173,19.054014,33.459213,181.png,0
182,-0.109616436,-0.097418904,22.52896,30.74162,182.png,2
183,-0.10068814,-0.12533075,22.473911,30.123512,183.png,3
184,-0.10044194,-0.14360777,28.4835,44.115063,184.png,1
185,-0.25200304,-0.040321723,-5.240157,52.52225,185.png,3
186,-0.3024067,0.07681835,-12.927048,51.81806,186.png,1
187,-0.24211237,0.1640032,-16.489767,32.75937,187.png,3
188,-0.18560144,0.2614805,-27.970135,28.490097,188.png,2
189,-0.03643462,0.31206077,-38.638855,24.542482,189.png,1
190,0.075368494,0.30190504,-42.562275,19.709806,190.png,1
191,0.1747037,0.23730206,-46.29127,9.044301,191.png,0
192,0.18305062,0.106937334,-45.348495,3.0083,192.png,0
193,0.2025001,-0.0644352,-35.81867,-17.856691,193.png,3
194,0.23959288,-0.07277432,-38.91657,-17.942963,194.png,3
195,0.1354316,-0.17047277,-23.902521,-25.779217,195.png,0
196,0.2533715,-0.04859804,10.712536,-53.120453,196.png,3
197,0.3278504,0.068026386,12.323001,-55.782253,197.png,0
198,0.1554986,0.13097197,28.337078,-44.7651,198.png,3
199,0.08171381,0.10218638,32.67459,-40.45767,199.png,3
200,-0.0027314648,0.075619355,38.679317,-31.068699,200.png,3
201,-0.04440492,0.054605234,41.964237,-26.809689,201.png,2
202,-0.056493267,0.06201736,45.36715,-10.716024,202.png,2
203,-0.09976559,0.04086651,32.757904,5.701021,203.png,2
204,-0.10860523,-0.001622205,31.315632,8.025416,204.png,1
205,-0.148085,-0.050710533,29.533258,15.667325,205.png,0
206,-0.16102573,-0.089961365,26.960424,36.268524,206.png,3
207,-0.14738943,-0.12085471,25.893936,39.768154,207.png,2
208,-0.087643854,-0.14166008,25.559097,41.995274,208.png,3
209,-0.06768936,-0.15366895,25.203106,44.2371,209.png,3
210,-0.21222647,-0.058691595,-2.5354452,46.444977,210.png,0
211,-0.22721988,-0.020003688,-2.8935528,45.066956,211.png,1
212,-0.2311731,0.05237477,-20.389544,38.246,212.png,0
213,-0.22060634,0.13015436,-23.095856,38.232155,213.png,0
214,-0.14984258,0.1885656,-27.008047,18.284521,214.png,0
215,-0.0137856975,0.2165016,-28.374876,14.612083,215.png,0
216,0.10182485,0.17305371,-32.55951,3.898855,216.png,3
217,0.15280487,0.13920552,-34.171043,0.8931908,217.png,3
218,0.29330885,0.030771058,-39.334133,-8.619906,218.png,0
219,0.26851475,-0.047037493,-40.396114,-27.585215,219.png,2
220,0.19012699,-0.060314782,-0.7386247,-50.34622,220.png,0
221,0.19776626,-0.02064286,-0.7366763,-50.84472,221.png,0
222,0.105113834,0.09951568,22.982182,-36.78378,222.png,3
223,0.051401053,0.035568964,25.378586,-34.608406,223.png,0
224,-0.015061216,-0.022126213,39.264484,-23.568108,224.png,2
225,-0.00688818,-0.028197367,43.360832,-16.556646,225.png,3
226,-0.017703533,-0.010895652,42.770668,-12.333307,226.png,2
227,-0.026764033,-0.04249634,37.561234,-1.8616667,227.png,2
228,-0.06742552,-0.04949448,29.885782,12.470257,228.png,2
229,-0.098460086,-0.07068513,29.422272,13.334028,229.png,2
230,-0.095436804,-0.08483434,22.970045,25.106466,230.png,0
231,-0.064896,-0.08214051,22.11878,25.963573,231.png,2
232,-0.012816801,-0.14261329,8.853821,18.36409,232.png,0
233,-0.051764768,-0.1585097,7.7857466,27.07432,233.png,3
234,-0.1306244,-0.10718914,0.9571741,29.62182,234.png,3
235,-0.15686572,-0.015223652,-6.1086245,29.006289,235.png,3
236,-0.14493829,0.063282825,-10.046573,27.902142,236.png,1
237,-0.09883777,0.07270697,-12.542437,26.526312,237.png,1
238,-0.0055001415,0.07864938,-37.135284,14.045275,238.png,0
239,0.034045648,0.07677752,-38.26843,13.813708,239.png,1
240,0.117035605,0.19431819,-43.058525,11.272262,240.png,3
241,0.2059271,0.24306874,-50.14537,4.395345,241.png,0
242,0.2564474,0.055634655,-47.788612,-11.857749,242.png,1
243,0.33132017,-0.0148926955,-42.737873,-19.190176,243.png,1
244,0.2380965,-0.10897017,-23.979164,-34.875256,244.png,1
245,0.37295187,0.07436023,4.889287,-53.845997,245.png,1
246,0.23629704,0.16748855,25.744093,-43.91253,246.png,3
247,0.11135185,0.13715352,26.716022,-38.0275,247.png,3
248,0.00091057306,0.050497614,37.720963,-24.794102,248.png,1
249,0.0023244491,-0.013994463,39.725765,-20.705341,249.png,1
250,-0.042075768,-0.06555056,39.212776,-14.778988,250.png,3
251,-0.09937381,-0.051217485,32.525528,2.9216697,251.png,2
252,-0.13590495,-0.039591648,29.138199,3.5458794,252.png,2
253,-0.14863782,-0.040433317,15.688319,6.0972466,253.png,1
254,-0.14390022,-0.05528381,13.269011,8.565715,254.png,3
255,-0.11414903,-0.10810187,19.414793,44.549225,255.png,2
256,-0.06824347,-0.14586891,18.554773,46.631886,256.png,1
257,-0.050572574,-0.14851701,21.560242,49.295853,257.png,0
258,-0.15350759,-0.15608932,26.653976,53.565815,258.png,3
259,-0.18207297,-0.12930688,30.109917,53.580467,259.png,3
260,-0.26258612,-0.06432139,-5.0576057,58.489212,260.png,0
261,-0.3168709,-0.018296843,-8.22049,58.058514,261.png,3
262,-0.3573531,0.06342132,-15.8638935,50.835705,262.png,2
263,-0.32674998,0.10061621,-15.453235,48.825466,263.png,0
264,-0.24071811,0.11886225,-20.398775,32.281002,264.png,3
265,-0.19884567,0.19539419,-24.45486,30.152243,265.png,0
266,-0.11017164,0.23358475,-32.260727,24.612015,266.png,2
267,-0.03211914,0.22324018,-34.360733,22.693766,267.png,2
268,0.022283318,0.1422695,-37.447285,17.713974,268.png,1
269,0.023996562,0.03594004,-39.30108,15.021739,269.png,1
270,0.061919175,0.07901141,-40.36865,13.052443,270.png,3
271,0.09603745,0.19679393,-44.33567,10.825165,271.png,3
272,0.1266556,0.1421922,-48.214478,5.920286,272.png,0
273,0.17246145,0.17534314,-48.525394,4.078077,273.png,1
274,0.16662338,0.15431322,-45.910862,-3.7647843,274.png,3
275,0.22910349,0.09414317,-45.14287,-5.457172,275.png,3
276,0.34997034,0.041591533,-44.447342,-25.560534,276.png,0
277,0.42516044,0.07107312,-41.779472,-29.64722,277.png,3
278,0.425612,0.101480454,-39.93826,-32.033012,278.png,2
279,0.3273499,0.0010522726,-31.148756,-35.086624,279.png,2
280,0.3982235,0.04897167,-9.031901,-57.449783,280.png,0
281,0.35732034,0.03161216,-9.814213,-56.832767,281.png,0
282,0.3231245,0.065507255,-11.439411,-56.513023,282.png,1
283,0.29275104,0.07273208,-12.248491,-56.434963,283.png,1
284,0.21374273,0.03873575,0.81234586,-30.94008,284.png,1
285,0.16728805,-0.010143754,0.82031524,-29.472282,285.png,3
286,0.15403944,-0.011141897,0.26190245,-28.12189,286.png,3
287,0.11115374,-0.12875004,-1.607747,-19.027967,287.png,1
288,0.07887569,-0.032155264,0.41052932,-24.280354,288.png,1
289,0.030889506,0.024562282,5.7941585,-23.100624,289.png,3
290,0.01466901,0.04112588,7.0472746,-22.053772,290.png,1
291,-0.031316966,0.030746289,9.636189,-20.022911,291.png,3
292,-0.0592528,-0.013156566,13.514346,-13.727112,292.png,3
293,-0.11423465,0.007124331,17.67266,-4.482938,293.png,2
294,-0.14831449,0.0086369505,18.307745,-3.561865,294.png,2
295,-0.20871016,0.04238365,18.978512,-2.2677732,295.png,2
296,-0.23881793,0.024663718,11.638395,33.376614,296.png,0
297,-0.2648203,0.004712888,12.870546,33.809402,297.png,0
298,-0.24807727,-0.03111268,13.734851,33.94026,298.png,2
299,-0.19944295,-0.0705049,15.977897,31.5976,299.png,1
300,-0.17529358,-0.08813454,15.089861,30.153786,300.png,2
301,-0.15042503,-0.102078564,13.54998,29.392002,301.png,2
302,-0.09612443,-0.11606851,6.486904,26.590982,302.png,3
303,-0.054636173,-0.1399118,6.884005,25.724642,303.png,3
304,-0.025713293,-0.13945667,6.9563923,24.272762,304.png,2
305,-0.103973135,-0.13297477,4.20968,29.737923,305.png,3
306,-0.16184135,-0.10100796,3.9859748,31.210125,306.png,1
307,-0.2111976,-0.068616405,-2.7031937,51.946426,307.png,3
308,-0.28843975,-0.037970405,-6.7575264,51.98788,308.png,0
309,-0.3067846,0.017595744,-8.960743,52.13139,309.png,0
310,-0.33634079,0.05358217,-17.339424,50.582596,310.png,1
311,-0.30203813,0.045664627,-11.358778,43.126663,311.png,1
312,-0.2629493,0.090340465,-15.853747,14.009867,312.png,0
313,-0.2526183,0.1628391,-15.750835,13.027222,313.png,0
314,-0.20230457,0.20756285,-16.812443,11.037786,314.png,3
315,-0.11697168,0.2039353,-17.191694,10.292284,315.png,3
316,-0.05350307,0.1911414,-19.415718,5.2617993,316.png,3
317,-0.004881149,0.09315411,-19.43487,0.16712885,317.png,2
318,0.04677407,0.041108884,-19.48737,-0.88560826,318.png,0
319,0.07556674,0.032031048,-19.85702,-1.6451712,319.png,1
320,0.14516304,0.10773743,-22.396645,-3.220528,320.png,3
321,0.18920237,0.11723202,-25.208355,-5.648366,321.png,0
322,0.23507695,0.114138804,-27.15994,-6.9222074,322.png,3
323,0.28785422,0.056072548,-30.163065,-9.911006,323.png,1
324,0.39159137,0.073632024,-31.234432,-10.349495,324.png,1
325,0.45713946,0.02543752,-35.360954,-32.092197,325.png,1
326,0.41160712,0.007406033,-34.81429,-32.75827,326.png,2
327,0.27868998,-0.09412446,-27.582865,-34.284977,327.png,3
328,0.3675619,0.009607423,-4.7702594,-57.743446,328.png,0
329,0.35015333,0.0331383,-3.8921254,-57.74174,329.png,0
330,0.29881015,0.09957082,-0.99577945,-56.170444,330.png,0
331,0.22511777,0.13504589,23.740915,-44.922638,331.png,1
332,0.13938345,0.13534918,27.681786,-43.197834,332.png,3
333,0.08377646,0.049708575,33.271717,-38.2161,333.png,3
334,0.10409473,0.0070763784,34.909706,-36.523575,334.png,3
335,0.07720837,-0.014393767,35.160572,-35.91593,335.png,1
336,0.07892647,-0.032367453,35.3188,-34.869164,336.png,1
337,0.07774926,-0.10547807,-7.6514144,-27.759176,337.png,1
338,0.035870746,-0.033711296,32.228035,-13.527817,338.png,2
339,-0.0038690916,-0.0060289754,32.10988,-14.113048,339.png,2
340,-0.023749525,0.055556875,38.93006,-7.8633523,340.png,2
341,-0.05975761,0.07029872,39.509113,-7.1433764,341.png,0
342,-0.11919131,0.101685785,40.105503,-5.9810987,342.png,0
343,-0.15956825,0.053258732,26.172838,8.613722,343.png,0
344,-0.20631753,0.039534405,12.852887,37.07967,344.png,0
345,-0.23610398,0.015564832,13.80196,36.78339,345.png,0
346,-0.26140672,-0.01653366,14.565563,37.16951,346.png,3
347,-0.22378998,-0.085444,25.481485,37.499836,347.png,2
348,-0.20343757,-0.13254966,24.28763,39.32986,348.png,3
349,-0.14614345,-0.14024532,24.044756,40.061382,349.png,3
350,-0.10650003,-0.14185248,19.857708,48.86834,350.png,2
351,-0.06697733,-0.15840268,19.187376,49.63229,351.png,1
352,-0.097459145,-0.15258919,22.728691,52.78618,352.png,0
353,-0.1663632,-0.1390226,27.004871,53.832947,353.png,2
354,-0.25533155,-0.08509985,30.826357,53.863274,354.png,3
355,-0.29126707,-0.032670006,-5.751342,58.429043,355.png,0
356,-0.3567303,0.015578512,-9.396644,57.818474,356.png,1
357,-0.3516809,0.08551798,-15.939734,49.92692,357.png,3
358,-0.29917762,0.10943795,-15.771706,47.345924,358.png,0
359,-0.24684916,0.15101886,-21.280397,32.04285,359.png,2
360,-0.15779945,0.21466905,-30.886486,26.14944,360.png,2
361,-0.09635598,0.26947045,-32.849392,24.28112,361.png,1
362,-0.022012103,0.18290912,-35.83409,21.092121,362.png,0
363,0.02280166,0.12801799,-37.899727,17.529379,363.png,0
364,0.052055337,0.010519783,-39.629383,14.857021,364.png,0
365,0.07097672,0.10879778,-40.874336,12.773426,365.png,0
366,0.120468855,0.14341332,-44.813118,10.007543,366.png,3
367,0.14278553,0.16076064,-48.519596,5.320209,367.png,3
368,0.1648152,0.1743842,-48.448666,3.2569177,368.png,1
369,0.1988727,0.1414399,-45.774723,-4.197245,369.png,3
370,0.2672294,0.0052037374,-45.274208,-23.941904,370.png,0
371,0.40584108,0.07820054,-44.39318,-26.280094,371.png,2
372,0.438034,0.066207364,-41.133163,-30.473434,372.png,0
373,0.42496637,0.10044,-39.801895,-32.242004,373.png,2
374,0.36739433,-0.04240323,-31.199066,-34.873627,374.png,1
375,0.21836245,-0.118846074,-25.781363,-32.910896,375.png,0
376,0.18292692,-0.11653318,-7.764396,-47.693275,376.png,3
377,0.27501914,-0.06285736,-9.929974,-51.580257,377.png,0
378,0.3289852,0.017081387,-12.479136,-53.579674,378.png,0
379,0.25636163,-0.016509973,-13.825135,-53.491287,379.png,1
380,0.3211493,0.00088279194,-14.114557,-53.67976,380.png,2
381,0.2090608,-0.024036895,-2.0121055,-27.54643,381.png,3
382,0.14678447,-0.11845636,-3.2343853,-25.93877,382.png,3
383,0.10424813,-0.062483083,-2.2114966,-25.299324,383.png,3
384,0.09529776,0.033794355,1.9006214,-26.373676,384.png,0
385,0.054771416,0.06624552,5.4588065,-24.102606,385.png,1
386,0.012649156,0.059428774,8.430267,-22.662176,386.png,1
387,0.0011159084,0.0008356063,12.966466,-20.732164,387.png,3
388,-0.03685171,0.04010037,13.124996,-20.032516,388.png,1
389,-0.08267173,0.04068323,16.386677,-15.2627735,389.png,2
390,-0.15322144,0.028967464,20.71463,-3.927818,390.png,3
391,-0.15788256,0.038599208,20.772017,-3.6112144,391.png,3
392,-0.1708415,0.045600206,25.542183,4.816744,392.png,2
393,-0.19741891,0.0099704405,25.29714,5.495217,393.png,2
394,-0.22993122,0.011444658,12.778447,35.358467,394.png,2
395,-0.21895541,-0.015974717,14.214249,35.19284,395.png,2
396,-0.18076225,-0.05098943,16.74009,30.565226,396.png,0
397,-0.15275331,-0.052917313,16.679901,30.017635,397.png,2
398,-0.11835472,-0.094649,15.420291,22.655401,398.png,2
399,-0.10349917,-0.09168896,11.966206,23.084694,399.png,0
400,-0.044882227,-0.10672491,8.569226,22.691769,400.png,0
401,-0.010794351,-0.11628624,7.101581,22.439672,401.png,3
402,-0.05437465,-0.12495416,4.0430613,24.130156,402.png,1
403,-0.122108616,-0.09115292,1.1458368,28.136093,403.png,1
404,-0.15652846,-0.06868153,-1.8451092,29.671486,404.png,3
405,-0.24095225,0.015169473,-6.371067,31.798714,405.png,0
406,-0.30477685,0.08548323,-14.0589285,50.495903,406.png,3
407,-0.30881864,0.12231519,-14.397006,49.02969,407.png,0
408,-0.23984511,0.10833665,-20.94351,34.459118,408.png,0
409,-0.26834574,0.14836515,-21.641262,35.5158,409.png,3
410,-0.23347767,0.16396981,-28.376122,36.76985,410.png,0
411,-0.17748961,0.17195097,-28.841541,36.742382,411.png,0
412,-0.10116051,0.20480797,-21.321665,9.507363,412.png,2
413,-0.06308525,0.21033779,-21.23144,9.152205,413.png,1
414,0.024539193,0.2003458,-24.652264,4.734325,414.png,1
415,0.072472855,0.17508377,-24.81243,4.4270377,415.png,1
416,0.13964123,0.09731651,-25.477276,-2.3908532,416.png,3
417,0.15047373,0.06952266,-25.512793,-2.8717418,417.png,3
418,0.17596269,-0.0007648231,-27.229609,-9.645515,418.png,3
419,0.18070334,-0.03720235,-27.49918,-10.533381,419.png,1
420,0.24940409,-0.044368505,-28.75409,-12.732191,420.png,1
421,0.29194415,-0.041438147,-33.726723,-28.3672,421.png,2
422,0.32376453,-0.021017693,-33.755177,-29.63263,422.png,0
423,0.30626032,-0.07781452,-28.712261,-33.53648,423.png,0
424,0.2093281,-0.11303918,-26.391369,-34.464256,424.png,0
425,0.25616115,-0.08402101,-9.2802725,-51.516422,425.png,3
426,0.36535376,0.034241915,-7.301433,-55.748413,426.png,0
427,0.30834463,0.07174512,-5.1201115,-56.059166,427.png,0
428,0.31387734,0.13013539,-3.9052587,-56.324036,428.png,0
429,0.1293809,0.108850285,22.26958,-38.61095,429.png,3
430,0.10743733,0.13564014,24.201847,-38.028778,430.png,3
431,0.084533066,0.10270199,29.972126,-37.27836,431.png,0
432,0.057077903,0.06982977,31.22836,-37.034885,432.png,0
433,0.020797824,0.06468509,37.34477,-31.770554,433.png,0
434,0.04001559,0.039262213,33.954117,-19.81249,434.png,2
435,0.030554827,0.03019237,33.853596,-19.3948,435.png,2
436,0.050937172,-0.002150639,33.770287,-13.974692,436.png,0
437,0.024172891,-0.04851823,33.113014,-12.585585,437.png,2
438,0.019969122,-0.046841517,32.723812,-11.95837,438.png,0
439,-0.03512934,-0.03381546,34.407658,-7.4573646,439.png,0
440,-0.08770725,-0.004334046,34.510963,-6.6242185,440.png,1
441,-0.15586185,0.004662029,24.992413,10.514825,441.png,1
442,-0.21312232,0.0024274385,15.413187,35.588867,442.png,1
443,-0.23876953,-0.0125142215,14.982322,35.53128,443.png,1
444,-0.23268534,-0.052826792,18.41124,34.96303,444.png,0
445,-0.21148878,-0.08867573,18.969893,35.301315,445.png,0
446,-0.19514887,-0.12986052,35.12108,44.12015,446.png,1
447,-0.16234273,-0.1403332,34.78336,44.18487,447.png,3
448,-0.08013285,-0.15347052,25.46387,42.8938,448.png,0
449,-0.13009459,-0.16555625,24.194557,53.198925,449.png,2
450,-0.17033228,-0.11998905,21.012394,55.745358,450.png,3
451,-0.21806744,0.0018467458,-1.2622652,41.75144,451.png,3
452,-0.20093486,0.08009781,-9.898788,13.789492,452.png,3
453,-0.17548157,0.12887709,-11.100814,11.284881,453.png,1
454,-0.04768705,0.1196332,-15.678474,4.1025643,454.png,0
455,0.013834555,0.011214721,-16.164316,0.31953156,455.png,1
456,0.10028601,0.05459281,-17.685707,-0.19734961,456.png,0
457,0.16243218,0.11963706,-23.744997,-4.4089556,457.png,0
458,0.25318113,0.0594269,-28.70546,-8.575328,458.png,0
459,0.38800442,-0.017181698,-35.099075,-29.288523,459.png,1
460,0.3167576,-0.13001889,-28.784502,-32.275566,460.png,1
461,0.28798977,-0.103089154,-8.85219,-50.662544,461.png,0
462,0.3551094,0.01593951,-7.87721,-55.38312,462.png,0
463,0.32248202,0.10595445,-5.4623127,-55.87901,463.png,0
464,0.1282738,0.15995145,20.591469,-38.4804,464.png,2
465,0.06450734,0.07010394,24.2126,-33.890198,465.png,1
466,-0.013085711,0.02177463,38.802864,-23.69104,466.png,2
467,-0.02554006,0.057158686,44.563454,-16.880468,467.png,2
468,-0.030223792,0.039636638,42.249973,-11.205965,468.png,0
469,-0.061580036,0.04513352,41.53953,-3.785493,469.png,0
470,-0.09963891,0.013208268,21.70314,11.772576,470.png,2
471,-0.08424723,-0.028787233,21.563196,12.261028,471.png,2
472,-0.09042351,-0.0369542,19.393774,16.948902,472.png,2
473,-0.07800295,-0.07313749,12.000232,20.5407,473.png,1
474,-0.026346512,-0.1274186,8.975025,19.941093,474.png,3
475,0.00020962536,-0.14155066,7.512121,20.439354,475.png,2
476,-0.10547067,-0.09014868,1.0334,28.149662,476.png,3
477,-0.1742981,-0.00023874735,-5.48199,29.771732,477.png,2
478,-0.23639174,0.13225578,-15.084901,32.489536,478.png,1
479,-0.23587409,0.28289047,-27.42614,29.221962,479.png,2
480,-0.15702695,0.36097246,-34.058437,28.018158,480.png,0
481,-0.026728977,0.36257118,-44.61319,26.28549,481.png,0
482,0.102713406,0.30803794,-33.71245,5.90037,482.png,3
483,0.16324632,0.22538196,-33.85708,1.8953549,483.png,1
484,0.28730175,0.14742555,-40.01135,-7.463751,484.png,3
485,0.34692478,0.036399823,-37.786663,-24.85744,485.png,0
486,0.23744363,-0.035923574,-27.976517,-36.403984,486.png,0
487,0.42290246,-0.009351616,-11.143927,-58.182384,487.png,1
488,0.33055577,0.12095024,-12.972576,-57.25789,488.png,1
489,0.16574852,0.036922533,1.6404394,-30.280573,489.png,3
490,0.07902396,0.032794364,3.2445724,-25.073368,490.png,3
491,0.068852015,-0.03615486,2.330456,-19.817131,491.png,3
492,0.031451885,-0.11700215,1.1313149,-17.016838,492.png,3
493,0.006524468,-0.10116938,1.494357,-15.97171,493.png,1
494,-0.049568854,-0.09799586,4.8323374,-7.136478,494.png,1
495,-0.09287017,-0.07213818,6.4738564,0.4554692,495.png,2
496,-0.108894184,-0.07564512,6.424171,7.044619,496.png,1
497,-0.096892715,-0.105865106,17.041954,43.374607,497.png,1
498,-0.066107646,-0.14936778,17.623945,48.087685,498.png,0
499,-0.07273978,-0.1601808,18.932396,52.624313,499.png,3
500,-0.15898171,-0.048482496,0.72441196,41.219826,500.png,1
501,-0.17713451,0.022996219,-8.4995365,13.164706,501.png,3
502,-0.117953084,0.04862911,-8.699492,10.602229,502.png,1
503,-0.048692618,-0.019097142,-12.851655,1.9836099,503.png,1
504,0.008151998,0.07008056,-15.113643,2.2263386,504.png,3
505,0.058329776,0.17626253,-18.316166,1.4314351,505.png,0
506,0.10164601,0.17594883,-22.822828,-1.6626455,506.png,3
507,0.17979959,0.1654381,-26.365171,-5.512364,507.png,1
508,0.38144994,0.067495495,-31.34449,-9.23107,508.png,1
509,0.46327284,-0.009127314,-35.73594,-31.19727,509.png,1
510,0.26401263,-0.152684,-28.082365,-31.48051,510.png,2
511,0.30575013,-0.10540704,-8.394327,-49.366238,511.png,0
512,0.39845386,0.055205777,-6.099547,-57.614742,512.png,0
513,0.3269014,0.11606222,-2.9197834,-56.823032,513.png,0
514,0.10433074,0.17017826,23.120024,-37.875324,514.png,3
515,0.067106776,0.09332993,29.564054,-36.765938,515.png,0
516,-0.022789367,0.04929894,39.790096,-26.814854,516.png,2
517,-0.024837688,0.016107162,44.994057,-18.03681,517.png,2
518,-0.02905737,0.062447626,42.31949,-9.405191,518.png,2
519,-0.013190173,-0.002206885,42.089172,-4.3760405,519.png,0
520,-0.05583469,-0.027897816,19.965998,13.196685,520.png,2
521,-0.037954893,-0.056152865,19.794743,13.695471,521.png,2
522,-0.049629338,-0.095900424,19.050518,20.777811,522.png,2
523,-0.05044281,-0.12030031,10.646707,20.36371,523.png,1
524,-0.031686705,-0.12913774,8.620078,21.149118,524.png,3
525,-0.028484013,-0.110829785,6.119176,22.399178,525.png,3
526,-0.09356157,-0.060237765,-3.7441943,26.056667,526.png,3
527,-0.15411663,0.06418281,-10.284022,28.376303,527.png,1
528,-0.1662183,0.19789313,-26.914192,26.823645,528.png,0
529,-0.12263751,0.30335647,-34.23014,26.370224,529.png,1
530,0.0039412933,0.3812418,-42.099613,24.415514,530.png,1
531,0.11928516,0.34092858,-50.18959,14.129493,531.png,1
532,0.19488887,0.2032208,-50.318233,-2.2448409,532.png,1
533,0.30734393,0.12508266,-41.36371,-7.447472,533.png,3
534,0.42624357,0.10176743,-42.144592,-28.842354,534.png,2
535,0.29425526,-0.030758096,-32.23333,-34.734745,535.png,3
536,0.2044054,-0.1989144,-22.652243,-29.117002,536.png,0
537,0.22328848,-0.0819312,-7.996521,-47.848312,537.png,0
538,0.34687176,-0.008648347,-11.424932,-51.651314,538.png,1
539,0.32926723,0.055592775,-11.614048,-53.86246,539.png,1
540,0.23578763,0.05086402,0.87709486,-32.31457,540.png,3
541,0.15262665,0.022934556,1.3200654,-28.927334,541.png,3
542,0.09813984,-0.030111954,1.0925994,-24.45059,542.png,3
543,0.07862282,-0.12103102,-0.70751625,-18.42577,543.png,1
544,0.03246241,-0.10038041,0.3259255,-16.378584,544.png,1
545,-0.010494533,-0.06709356,5.974873,-8.544538,545.png,1
546,-0.06082029,-0.08940031,5.13636,-7.036727,546.png,2
547,-0.1051598,-0.072392866,7.7959685,0.4936721,547.png,2
548,-0.10376534,-0.07630725,7.0696254,7.159872,548.png,0
549,-0.12581128,-0.09096158,17.393404,43.035103,549.png,0
550,-0.11719285,-0.1311427,22.098167,47.66195,550.png,2
551,-0.18624136,-0.16878161,28.639206,52.851604,551.png,0
552,-0.31563982,-0.030560682,-4.687197,57.369522,552.png,0
553,-0.36032122,0.063662745,-9.8345,56.325325,553.png,0
554,-0.3238988,0.16821907,-20.921139,40.4954,554.png,0
555,-0.2913461,0.25861266,-23.957388,35.348415,555.png,0
556,-0.11576877,0.32993147,-37.14271,28.032516,556.png,0
557,0.048755527,0.4225401,-43.94675,23.613503,557.png,1
558,0.1552624,0.27672997,-49.519753,10.637619,558.png,1
559,0.17304645,0.20158492,-49.91447,2.2360604,559.png,0
560,0.26569223,0.015717737,-46.05627,-12.938697,560.png,0
561,0.21744546,-0.09392057,-40.35351,-17.58266,561.png,0
562,0.1330795,-0.17708503,-23.607996,-25.82547,562.png,0
563,0.15202777,-0.112243414,-12.390495,-39.64438,563.png,0
564,0.30924678,0.047369715,12.707081,-55.86384,564.png,3
565,0.15783347,0.14144877,28.534807,-45.363735,565.png,3
566,0.06638492,0.12654999,32.040405,-40.216343,566.png,3
567,-0.022131259,0.07804187,38.605232,-30.499481,567.png,0
568,-0.041362286,0.057251967,42.34796,-26.410812,568.png,2
569,-0.07624875,-0.0013874084,46.68094,-13.260399,569.png,2
570,-0.10786955,0.0290936,32.183624,4.354537,570.png,2
571,-0.13225256,-0.010219295,29.594212,4.5895915,571.png,1
572,-0.16877419,-0.041458737,16.833384,6.5738854,572.png,3
573,-0.16492651,-0.064001314,13.885485,8.727758,573.png,3
574,-0.14535634,-0.10424821,20.108839,44.14328,574.png,2
575,-0.09614191,-0.15082945,19.144651,47.17776,575.png,1
576,-0.114494346,-0.14603539,22.071224,53.019054,576.png,2
577,-0.2874138,-0.027343512,-3.6211877,47.415844,577.png,0
578,-0.33245352,0.037416793,-8.027634,45.674305,578.png,0
579,-0.32182774,0.14788604,-19.760323,39.511326,579.png,0
580,-0.3059185,0.23350081,-25.126768,38.467247,580.png,0
581,-0.1899987,0.2995912,-27.256437,20.396852,581.png,0
582,-0.030187253,0.31878486,-45.74905,26.305086,582.png,0
583,0.1340238,0.2840278,-50.760937,11.513792,583.png,1
584,0.16161396,0.189082,-50.62292,0.54137605,584.png,3
585,0.27030003,0.06463878,-47.148907,-13.64223,585.png,1
586,0.23093815,-0.03451763,-42.93892,-17.52468,586.png,1
587,0.14345962,-0.14368127,-24.94147,-24.242476,587.png,1
588,0.10416234,-0.17379695,-17.240747,-28.959341,588.png,1
589,0.12315533,-0.13814509,-12.093492,-38.61471,589.png,3
590,0.20691171,-0.034420602,10.238007,-53.945026,590.png,1
591,0.25394607,0.03877232,11.555355,-54.630013,591.png,1
592,0.12527727,0.10933138,28.692984,-44.190716,592.png,3
593,0.049967244,0.08218756,32.141357,-39.225883,593.png,3
594,-0.042567775,0.05159828,39.06362,-29.818619,594.png,3
595,-0.03488576,0.0069541074,42.58929,-25.437157,595.png,2
596,-0.061532084,-0.031756572,46.56214,-13.69889,596.png,3
597,-0.103736885,-0.017764341,32.169334,3.5343819,597.png,2
598,-0.12234409,-0.047943108,29.635393,3.7600482,598.png,1
599,-0.15173645,-0.067094214,16.046682,6.50498,599.png,3
600,-0.14365983,-0.07108267,13.627957,8.413044,600.png,2
601,-0.113175444,-0.12585494,19.481157,44.846004,601.png,2
602,-0.10560746,-0.13688752,19.634922,47.19586,602.png,3
603,-0.08635758,-0.15282781,20.587706,52.701653,603.png,1
604,-0.2629174,-0.040903572,-3.6251566,46.88621,604.png,3
605,-0.34626737,0.048027,-7.811925,45.450577,605.png,0
606,-0.32860366,0.14560089,-19.554552,39.40267,606.png,1
607,-0.31233194,0.23593882,-25.247564,38.662136,607.png,0
608,-0.2062068,0.2509421,-27.182314,20.017128,608.png,0
609,-0.038159754,0.29539725,-45.78248,26.376802,609.png,0
610,0.14469557,0.27363902,-50.7331,11.761192,610.png,1
611,0.15604758,0.19722225,-50.7613,0.25926578,611.png,1
612,0.2549479,0.027449034,-47.408203,-13.986328,612.png,1
613,0.27837515,-0.05028614,-43.304417,-17.87295,613.png,1
614,0.15824857,-0.14560913,-25.074366,-24.402565,614.png,1
615,0.057378862,-0.19551097,-18.284996,-19.726633,615.png,1
616,0.13335742,-0.14028637,-11.817446,-38.145847,616.png,3
617,0.17345361,-0.08928986,-13.644806,-38.760845,617.png,1
618,0.20812494,0.072196774,12.689716,-54.189045,618.png,3
619,0.08212501,0.11371012,32.271595,-42.086475,619.png,2
620,-0.07533048,0.046824604,41.277317,-30.11588,620.png,2
621,-0.11216318,0.02461666,48.02241,-9.920483,621.png,2
622,-0.15482678,-0.025130149,34.58185,9.307582,622.png,0
623,-0.13197975,-0.068916485,35.70237,24.23255,623.png,0
624,-0.11058572,-0.08340294,34.703907,26.036968,624.png,0
625,-0.17130549,-0.11001794,29.60426,47.04783,625.png,1
626,-0.34424698,0.1044225,-12.147302,53.78542,626.png,0
627,-0.2799093,0.27274218,-24.940414,43.058975,627.png,0
628,-0.012082076,0.37629634,-41.88305,25.507875,628.png,1
629,0.17259929,0.32255393,-50.612778,9.751692,629.png,1
630,0.28111863,0.046593584,-48.552067,-15.26549,630.png,3
631,0.16881758,-0.1445136,-27.014969,-25.11242,631.png,0
632,0.05306379,-0.23849285,-17.606691,-17.9208,632.png,0
633,0.101868555,-0.14821148,-11.019587,-37.386806,633.png,3
634,0.11711725,-0.1459258,-12.053669,-37.290585,634.png,1
635,0.27415207,0.027951114,10.810442,-55.405624,635.png,1
636,0.1082983,0.1704241,29.604641,-42.912548,636.png,3
637,-0.038833022,0.082582496,40.217743,-31.000994,637.png,2
638,-0.10219956,0.026406126,49.22041,-10.642346,638.png,2
639,-0.12847506,0.0070613534,34.331543,6.9261737,639.png,2
640,-0.14625394,-0.066802494,35.731064,20.652378,640.png,1
641,-0.12171741,-0.07528111,35.15171,25.213575,641.png,1
642,-0.14305077,-0.108320095,29.94242,46.152153,642.png,1
643,-0.2886298,-0.035297718,-7.3264675,54.66582,643.png,1
644,-0.32963973,0.23479465,-22.135225,43.436596,644.png,0
645,-0.18610269,0.30907595,-34.60898,31.566244,645.png,0
646,0.09726574,0.41296056,-48.561653,18.272224,646.png,1
647,0.19249974,0.19456214,-52.839188,1.2107027,647.png,1
648,0.2810758,-0.04249527,-47.664703,-17.47958,648.png,1
649,0.05188462,-0.20722078,-19.316193,-17.819818,649.png,1
650,0.044767134,-0.23752512,-17.003565,-18.522587,650.png,3
651,0.11714965,-0.17956848,-10.709706,-36.445446,651.png,1
652,0.09311762,-0.17257607,-11.516685,-36.26409,652.png,1
653,0.14545725,-0.10567871,-14.839702,-36.976727,653.png,0
654,0.1731845,0.07773981,24.980291,-47.848885,654.png,1
655,0.04433893,0.13011773,31.565704,-41.306576,655.png,3
656,-0.08498726,0.06125762,41.32349,-29.146427,656.png,3
657,-0.12531723,0.026569743,48.010002,-10.542349,657.png,2
658,-0.12852985,-0.05121797,35.750782,8.888097,658.png,2
659,-0.1378348,-0.087169126,35.26228,22.746765,659.png,2
660,-0.10436842,-0.08971798,32.661266,26.587437,660.png,3
661,-0.13575165,-0.14260237,29.027077,45.738453,661.png,2
662,-0.3024032,-0.018592587,-8.06081,55.367332,662.png,0
663,-0.3331973,0.22039226,-21.774675,42.637314,663.png,0
664,-0.22502555,0.317851,-33.791233,32.288975,664.png,0
665,0.08181941,0.39438632,-49.323612,18.93488,665.png,3
666,0.2033997,0.21547104,-52.780434,0.4660958,666.png,1
667,0.29280114,-0.045848947,-48.17279,-18.133768,667.png,3
668,0.2312446,-0.0075707,14.596611,-54.15774,668.png,1
669,0.21517096,0.02981434,15.456128,-52.785233,669.png,3
670,0.089370586,-0.09986212,7.9679523,-37.810158,670.png,2
671,-0.020639759,-0.04309677,30.021286,-12.916107,671.png,2
672,-0.054533664,-0.057030153,31.967249,-7.854342,672.png,2
673,-0.09847481,-0.08299695,24.53686,20.035706,673.png,2
674,-0.09154226,-0.09687983,22.809969,23.097387,674.png,2
675,-0.08549817,-0.09036702,20.46321,23.847687,675.png,2
676,-0.05795911,-0.13825789,10.6999,19.112206,676.png,0
677,0.056659807,-0.13340302,-11.148987,-26.700758,677.png,1
678,0.026793145,-0.070900016,6.0673428,-18.964094,678.png,3
679,-0.0024561377,-0.03924185,7.9083586,-19.495653,679.png,3
680,0.002038851,-0.108349524,9.223291,-15.285838,680.png,3
681,-0.053689204,-0.055689067,12.416029,-13.20872,681.png,3
682,-0.06039047,-0.08539767,12.031242,-11.397354,682.png,3
683,-0.10020151,-0.037596483,15.678,-4.6215878,683.png,3
684,-0.11277285,-0.05157687,14.03665,-0.83934057,684.png,3
685,-0.14859255,-0.041299913,14.044207,1.8444778,685.png,2
686,-0.14183854,-0.06929101,12.447155,5.120694,686.png,2
687,-0.16594449,-0.06326705,13.448528,5.9375463,687.png,2
688,-0.14837846,-0.0848958,30.537918,38.07959,688.png,0
689,-0.16346653,-0.12821822,30.8309,41.156555,689.png,0
690,-0.11656263,-0.14555684,31.443756,43.28509,690.png,1
691,-0.09354114,-0.15915434,31.753286,44.063847,691.png,1
692,-0.099392295,-0.17626551,32.95513,46.626373,692.png,1
693,-0.12931776,-0.16171299,32.9564,47.82196,693.png,1
694,-0.23789908,-0.08531575,-4.8592563,54.765568,694.png,1
695,-0.28592283,-0.020806752,-7.7523527,52.9504,695.png,0
696,-0.2889883,0.068925135,-12.803531,50.066967,696.png,1
697,-0.25801685,0.1382945,-19.719637,34.31258,697.png,0
698,-0.22827648,0.23214813,-23.960165,32.120064,698.png,0
699,-0.107117414,0.24444169,-35.869045,26.65765,699.png,0
700,-0.01824071,0.278919,-40.55275,23.976967,700.png,1
701,0.048034005,0.3100191,-44.103302,22.106714,701.png,1
702,0.11164454,0.21473634,-48.160683,10.916469,702.png,1
703,0.1291194,0.1062179,-48.024647,1.6768036,703.png,1
704,0.1675101,0.010084551,-46.48146,-10.514559,704.png,3
705,0.24151543,-0.0049113827,-45.115932,-13.520486,705.png,1
706,0.22051565,-0.062077913,-42.15437,-16.899185,706.png,1
707,0.16725914,-0.12516001,-26.119457,-22.646961,707.png,1
708,0.090522766,-0.19791885,-20.424246,-19.400297,708.png,1
709,0.04488786,-0.21235757,-17.351286,-19.938854,709.png,1
710,0.045949765,-0.24852654,-15.620402,-20.380022,710.png,1
711,0.046635572,-0.2259153,-15.069757,-21.143875,711.png,0
712,0.14005269,-0.12490794,-9.616087,-38.09631,712.png,3
713,0.1663853,-0.10236553,-14.58011,-37.773586,713.png,3
714,0.19782433,0.07189561,24.481808,-48.261993,714.png,3
715,0.052608594,0.15333094,30.883732,-41.046192,715.png,3
716,-0.08389499,0.051760323,40.84275,-28.714905,716.png,2
717,-0.104004264,-0.019931747,47.779716,-11.579008,717.png,2
718,-0.12627995,-0.053786136,36.32687,8.487376,718.png,2
719,-0.12020109,-0.09713879,34.319115,22.441631,719.png,3
720,-0.09311212,-0.108813636,31.831116,26.791462,720.png,0
721,-0.11614124,-0.15495852,27.81785,45.709873,721.png,2
722,-0.32073253,-0.009280868,-8.069974,55.86367,722.png,0
723,-0.3206142,0.20760259,-22.125711,41.958347,723.png,0
724,-0.1906207,0.32612255,-33.509346,31.97176,724.png,0
725,0.08453902,0.36139435,-49.806778,18.731647,725.png,3
726,0.20433941,0.21232547,-53.211918,0.010375007,726.png,2
727,0.2970523,-0.06799604,-48.331093,-18.685488,727.png,3
728,0.07928239,-0.15825361,-13.469267,-28.556282,728.png,1
729,0.29983163,0.04394181,13.871472,-56.44834,729.png,0
730,0.20146081,-0.012519016,14.101967,-52.971375,730.png,3
731,0.03587024,0.051762555,9.795375,-38.256313,731.png,2
732,-0.023517989,0.029780924,30.848024,-14.218643,732.png,2
733,-0.07326569,-0.058152296,32.38571,-7.0982904,733.png,2
734,-0.10648468,-0.09337009,24.981009,21.663486,734.png,0
735,-0.09307268,-0.0656506,23.992472,23.656868,735.png,0
736,-0.09129851,-0.107337885,21.100225,25.329878,736.png,1
737,-0.1352892,-0.1094569,0.13316643,30.921894,737.png,3
738,-0.24717163,0.08359589,-12.908588,32.574913,738.png,1
739,-0.16930868,0.25985393,-25.958097,26.519493,739.png,1
740,0.0043827617,0.2630738,-40.62273,19.011877,740.png,3
741,0.11724358,0.09280776,-43.50123,6.81148,741.png,1
742,0.23974125,-0.023529444,-36.657856,-16.70341,742.png,3
743,0.18317121,-0.17751792,-27.45661,-25.000658,743.png,3
744,0.14900288,-0.15668103,-10.883611,-39.74382,744.png,2
745,0.31129068,0.057902638,11.046299,-57.231304,745.png,3
746,0.11192513,0.21054658,27.942482,-42.32152,746.png,3
747,-0.05110488,0.10180569,38.565804,-29.15804,747.png,0
748,-0.09992685,-0.002393398,49.11987,-11.953446,748.png,2
749,-0.11595738,-0.050815046,36.76807,6.523826,749.png,2
750,-0.108075894,-0.10998094,37.018227,16.54276,750.png,2
751,-0.11101949,-0.10462073,32.00771,25.323328,751.png,3
752,-0.13253719,-0.11153123,30.609524,28.13251,752.png,0
753,-0.22945088,-0.08355912,-1.4125707,46.903545,753.png,1
754,-0.26315102,0.06585881,-4.508918,41.75784,754.png,3
755,-0.27672184,0.23449615,-13.07772,15.530397,755.png,3
756,-0.072330676,0.27591598,-17.81932,6.5727434,756.png,1
757,0.10225267,0.12419357,-24.113028,0.20586708,757.png,2
758,0.22251977,-0.0732053,-25.536034,-12.014063,758.png,3
759,0.13017905,-0.20603332,-20.385557,-25.050056,759.png,0
760,0.12582178,-0.10570422,-15.244654,-43.064438,760.png,1
761,0.0829844,0.022473278,1.3094625,-26.760666,761.png,3
762,-0.008436433,0.013625544,4.6726313,-22.955265,762.png,3
763,-0.05677101,-0.07584636,10.928122,-13.453547,763.png,2
764,-0.11261455,-0.09749579,10.6674385,-4.3668566,764.png,2
765,-0.103299335,-0.09655804,9.048414,9.577216,765.png,2
766,-0.10775373,-0.08647836,29.666822,30.14154,766.png,1
767,-0.10040731,-0.14594683,26.266106,45.082314,767.png,3
768,-0.22516264,-0.03636065,-1.9594159,42.832428,768.png,0
769,-0.2486654,0.1562513,-11.937214,14.565374,769.png,3
770,-0.124632984,0.25738788,-16.676876,6.448357,770.png,3
771,0.04901941,0.18870468,-21.896505,1.4605396,771.png,1
772,0.17709531,-0.010287327,-25.239098,-10.1210375,772.png,3
773,0.19193849,-0.18979082,-26.72656,-15.191444,773.png,0
774,0.08838008,-0.20058964,-16.460632,-26.574327,774.png,0
775,0.23359697,-0.085571915,-13.640681,-46.8211,775.png,3
776,0.17785236,0.08170872,1.8378906,-33.540413,776.png,3
777,0.028547682,0.06006359,5.0127563,-25.713915,777.png,3
778,-0.04989016,-0.02872701,12.66664,-22.664309,778.png,2
779,-0.14026347,-0.08639738,17.539965,-0.4392667,779.png,2
780,-0.14412953,-0.08539341,18.176037,1.498328,780.png,2
781,-0.116695695,-0.0968536,35.09075,30.154732,781.png,0
782,-0.12058373,-0.098785564,32.396194,30.31436,782.png,0
783,-0.16762106,-0.13265824,28.20913,48.26194,783.png,1
784,-0.28614566,0.036266092,-5.056535,42.20296,784.png,0
785,-0.2945608,0.2302642,-13.301537,15.4579525,785.png,0
786,-0.11271899,0.3321236,-17.931145,7.1599517,786.png,3
787,0.10516784,0.17145653,-24.573156,0.7592056,787.png,1
788,0.2738492,-0.030403817,-25.84126,-12.291849,788.png,3
789,0.14759864,-0.1973483,-20.363037,-25.066391,789.png,0
790,0.12897725,-0.12186375,-15.469618,-42.94038,790.png,1
791,0.08956241,-0.021992631,-0.5429389,-26.240551,791.png,3
792,-0.0011771612,0.038345877,4.4103885,-23.220469,792.png,3
793,-0.029149903,-0.08870101,10.200182,-13.605399,793.png,2
794,-0.0826896,-0.122420095,10.49046,-4.523614,794.png,2
795,-0.09694303,-0.09884193,8.952059,9.47086,795.png,0
796,-0.09189906,-0.089558795,29.473394,30.138073,796.png,0
797,-0.07870386,-0.15186349,16.769716,48.02433,797.png,0
798,-0.17560819,-0.051025257,-0.21322452,41.5921,798.png,3
799,-0.17116801,0.10454321,-10.803364,12.638227,799.png,1
800,-0.09046403,0.17376642,-16.134344,5.1948256,800.png,0
801,0.06911267,0.13261226,-21.036938,1.3496019,801.png,1
802,0.18372706,0.030119259,-24.460653,-9.336461,802.png,1
803,0.26629847,-0.11195013,-26.891249,-14.989813,803.png,1
804,0.19291182,-0.15371817,-14.894765,-44.493248,804.png,3
805,0.2448013,0.025630418,-13.976122,-51.62028,805.png,1
806,0.090889454,0.08676783,4.4037747,-27.404076,806.png,3
807,-0.069400184,0.0041992743,12.930882,-23.240984,807.png,2
808,-0.09548902,-0.08604255,16.46909,-11.798231,808.png,2
809,-0.16069356,-0.06452913,18.208086,1.0227923,809.png,2
810,-0.13123558,-0.09867921,35.28483,30.156307,810.png,0
811,-0.0973054,-0.10314236,32.48792,30.194185,811.png,3
812,-0.14712124,-0.1496755,31.471548,46.809452,812.png,2
813,-0.3574385,0.015138181,-9.931808,54.54356,813.png,1
814,-0.34863523,0.27270722,-22.793962,43.655945,814.png,0
815,-0.15389134,0.36960664,-35.21792,31.15264,815.png,1
816,0.105514176,0.3965456,-48.62098,17.594248,816.png,1
817,0.18050158,0.14514956,-53.370853,1.5682129,817.png,0
818,0.27054083,-0.09116527,-46.87677,-17.79214,818.png,1
819,0.045402966,-0.23361586,-18.945261,-17.191174,819.png,0
820,0.034883574,-0.2649601,-16.079636,-17.728214,820.png,0
821,0.15637714,-0.1709809,-9.042264,-37.80993,821.png,1
822,0.101925604,-0.23431766,-10.149214,-34.92469,822.png,3
823,0.12062114,-0.124136426,-14.073981,-36.72495,823.png,0
824,0.18005499,0.075560786,24.323914,-48.026615,824.png,3
825,0.027837254,0.14050545,30.624971,-40.534622,825.png,3
826,-0.08462741,0.0684819,40.26294,-28.61234,826.png,2
827,-0.09693732,-0.0541758,47.651363,-12.241773,827.png,2
828,-0.1464825,-0.056446902,36.50132,8.465961,828.png,2
829,-0.14310311,-0.10213906,34.16503,22.36765,829.png,3
830,-0.10160099,-0.11580485,31.561516,26.698326,830.png,0
831,-0.13422662,-0.15504853,27.966927,45.975815,831.png,2
832,-0.3104802,-0.010395811,-7.477179,56.034702,832.png,0
833,-0.34376448,0.20818105,-22.128883,41.4583,833.png,0
834,-0.20875216,0.30203494,-32.64671,32.083878,834.png,0
835,0.06662588,0.31560943,-50.270496,19.090551,835.png,3
836,0.18022518,0.16019744,-52.575287,-0.51790315,836.png,3
837,0.28876734,-0.06420413,-48.874348,-18.713526,837.png,1
838,0.26978907,-0.006905109,14.624138,-54.700176,838.png,3
839,0.24321558,0.10164656,16.6123,-53.287178,839.png,3
840,0.07407224,-0.04824139,8.824522,-38.0149,840.png,2
841,0.015901104,-0.09795063,29.311272,-12.551148,841.png,2
842,-0.03551419,-0.07637292,31.210342,-8.040385,842.png,2
843,-0.0880006,-0.10731668,24.163567,19.952353,843.png,2
844,-0.078582175,-0.117556505,22.52743,22.404467,844.png,2
845,-0.07488848,-0.10376574,20.003016,23.590343,845.png,2
846,-0.07882477,-0.15738253,8.973092,26.9269,846.png,3
847,-0.15561987,-0.04321537,-4.6952767,29.508081,847.png,3
848,-0.15598376,0.16081725,-14.351015,26.483206,848.png,3
849,-0.040566154,0.14155142,-36.28661,14.465892,849.png,0
850,0.0608306,0.14985284,-42.19613,11.488895,850.png,1
851,0.18021724,0.13501036,-45.812378,1.9827598,851.png,0
852,0.31026098,-0.079135075,-46.60601,-18.56937,852.png,1
853,0.116171755,-0.21927276,-18.616623,-28.958185,853.png,0
854,0.30920383,0.095763676,11.595495,-57.6016,854.png,3
855,0.15524255,0.2672141,26.275461,-42.131832,855.png,3
856,-0.011231618,0.10791125,37.467064,-28.48774,856.png,3
857,-0.07414426,-0.052671373,48.45297,-15.451098,857.png,2
858,-0.094913125,-0.106132135,37.16437,5.7054677,858.png,2
859,-0.09093857,-0.09954354,37.3784,15.929847,859.png,0
860,-0.08636299,-0.13246308,29.232841,25.301624,860.png,2
861,-0.09042217,-0.12081622,30.14555,27.48538,861.png,1
862,-0.16953859,-0.120908,28.303396,48.476105,862.png,0
863,-0.3497782,0.07237113,-8.24298,47.210186,863.png,0
864,-0.31550515,0.23824802,-25.047623,39.970116,864.png,0
865,-0.11516799,0.27607962,-28.84587,18.523533,865.png,0
866,0.13944688,0.25183466,-36.79061,5.1857944,866.png,1
867,0.29191446,0.05301056,-52.162212,-11.894416,867.png,3
868,0.211475,-0.19800529,-30.627321,-25.098177,868.png,2
869,0.13908792,-0.090241894,-15.166604,-35.19877,869.png,0
870,0.2568245,0.05402761,10.491491,-56.00324,870.png,3
871,0.21738477,0.120514125,16.35618,-52.81771,871.png,3
872,0.04478402,-0.113533996,7.834813,-37.737125,872.png,2
873,-7.6481854e-05,-0.04418586,29.7291,-13.1318035,873.png,2
874,-0.061279744,-0.067436956,31.675753,-7.35262,874.png,2
875,-0.10137065,-0.101250775,24.489227,20.69072,875.png,2
876,-0.09368159,-0.08597316,21.877937,23.243467,876.png,3
877,-0.106596105,-0.095845595,20.540012,25.407417,877.png,2
878,-0.21610998,-0.082057856,-3.6791987,52.29485,878.png,3
879,-0.33079818,0.15941474,-12.8568945,53.84753,879.png,1
880,-0.30734852,0.24645689,-25.69065,39.93819,880.png,0
881,-0.10416199,0.32057533,-28.733597,17.37904,881.png,0
882,0.13749452,0.26862392,-33.891586,4.050881,882.png,3
883,0.34466222,0.059194785,-38.976913,-10.672867,883.png,2
884,0.27477783,-0.17321184,-29.683182,-28.322716,884.png,0
885,0.16285603,-0.13373376,-9.1335745,-46.930622,885.png,0
886,0.3241433,0.030328065,-12.110474,-52.254364,886.png,1
887,0.16881509,0.068729416,1.7318667,-32.87191,887.png,3
888,0.045476753,0.032605402,3.8526094,-24.894978,888.png,3
889,0.029778648,-0.055848073,2.5249546,-19.240437,889.png,3
890,-0.0024600404,-0.15377337,2.2663565,-13.752484,890.png,3
891,-0.024577549,-0.16061854,1.1386724,-11.657493,891.png,1
892,-0.04174187,-0.1391693,-0.9458225,-4.307535,892.png,2
893,-0.037451442,-0.13205574,-3.6981995,-6.350627,893.png,1
894,0.016201818,-0.15819961,-11.390229,-23.905743,894.png,3
895,0.02867397,-0.12726349,-9.935786,-26.111685,895.png,1
896,0.004846549,-0.049331676,40.459003,-19.003674,896.png,1
897,-0.019103304,-0.045440774,41.068855,-17.370514,897.png,3
898,-0.02826855,-0.027062552,41.708614,-14.890347,898.png,3
899,-0.021650512,-0.050988253,41.60895,-13.490794,899.png,3
900,-0.04900778,-0.03173197,38.154118,-3.2127886,900.png,2
901,-0.067675434,-0.025008198,38.793503,-2.337302,901.png,2
902,-0.11731693,-0.024157887,28.207983,9.798461,902.png,2
903,-0.125232,-0.040558625,26.514458,12.580493,903.png,0
904,-0.13206635,-0.060680587,24.801281,14.299332,904.png,0
905,-0.10230961,-0.0914662,22.821203,16.21014,905.png,0
906,-0.10673545,-0.10276428,19.095205,18.659296,906.png,2
907,-0.09601689,-0.12933834,16.838036,20.58153,907.png,2
908,-0.085244425,-0.12965587,15.707167,21.522226,908.png,2
909,-0.067448065,-0.1375831,10.527818,23.785872,909.png,1
910,-0.05225746,-0.14413913,9.376484,24.113455,910.png,3
911,-0.032514557,-0.15055047,8.749357,24.322777,911.png,3
912,-0.07055953,-0.10687923,-0.9020753,24.372746,912.png,3
913,-0.08882277,-0.07977821,-1.9662663,24.800978,913.png,3
914,-0.13124493,-0.017060602,-7.688824,27.138155,914.png,2
915,-0.11801738,0.045476288,-11.715949,27.414587,915.png,0
916,-0.11133039,0.120118454,-27.70807,25.138704,916.png,0
917,-0.068868175,0.17985572,-36.22809,23.409687,917.png,0
918,-0.024635466,0.16142574,-39.3473,20.984034,918.png,0
919,0.027823122,0.22234951,-42.742954,21.009455,919.png,1
920,0.08918165,0.16747005,-47.022587,10.737312,920.png,1
921,0.13256532,0.13296613,-48.24398,0.3395988,921.png,0
922,0.14197354,0.054208577,-43.900543,-5.0563188,922.png,0
923,0.22595006,-0.015109802,-44.731155,-23.396147,923.png,3
924,0.2820462,-0.028324086,-42.697292,-26.486101,924.png,2
925,0.23732571,-0.082894616,-24.291853,-37.11061,925.png,1
926,0.13069539,-0.1323467,-17.894253,-33.28109,926.png,3
927,0.20546766,-0.03309057,-2.8056405,-50.38089,927.png,1
928,0.23229761,0.008802366,-3.0055003,-51.24241,928.png,3
929,0.20010689,0.06390934,-2.1525173,-52.679844,929.png,0
930,0.079364926,0.11693672,20.252266,-36.513927,930.png,3
931,0.03332479,0.04584612,20.914783,-32.433826,931.png,0
932,0.0029202616,-0.0007901085,20.452644,-29.404705,932.png,2
933,-0.03803632,-0.0547632,18.035574,-23.027332,933.png,1
934,-0.0307019,-0.061795216,16.564909,-19.277208,934.png,3
935,-0.05854876,-0.016092932,16.541008,-16.285795,935.png,1
936,-0.07199014,-0.06663531,14.908154,-10.750515,936.png,3
937,-0.09419202,-0.051473867,14.880379,-3.4669664,937.png,3
938,-0.10649753,-0.051190875,12.738737,-0.0962172,938.png,3
939,-0.114956684,-0.05469407,11.909636,0.9895054,939.png,1
940,-0.12057065,-0.07126342,9.283038,4.22899,940.png,2
941,-0.11242833,-0.118527375,7.7841063,4.570987,941.png,3
942,-0.09079253,-0.14555229,12.9099,46.783123,942.png,2
943,-0.029402224,-0.18061933,-10.900358,-22.345663,943.png,2
944,-0.035413753,-0.16652352,15.336538,49.580788,944.png,3
945,-0.07826374,-0.16372359,16.772116,53.493282,945.png,3
946,-0.1264535,-0.1581286,17.76259,54.846684,946.png,1
947,-0.16843753,-0.114839286,20.328882,56.383915,947.png,2
948,-0.23806013,-0.06293643,-4.281335,45.949104,948.png,3
949,-0.30351502,-0.023664407,-6.04363,45.32401,949.png,3
950,-0.3002592,0.016623344,-9.137249,44.199207,950.png,3
951,-0.32678655,0.07208094,-10.788127,43.358776,951.png,1
952,-0.28525415,0.08861884,-18.758774,38.26146,952.png,1
953,-0.29227886,0.17527834,-25.594814,36.679066,953.png,0
954,-0.24404906,0.22312525,-27.302925,35.939224,954.png,1
955,-0.1814907,0.16456439,-28.060516,34.90721,955.png,1
956,-0.1224651,0.21715179,-41.557304,28.720907,956.png,0
957,-0.051707283,0.22369504,-42.904182,27.959625,957.png,1
958,0.020228162,0.30227908,-45.208355,21.26701,958.png,1
959,0.056655705,0.17446801,-47.1513,12.145925,959.png,1
960,0.11717239,0.17433041,-48.203083,6.988138,960.png,2
961,0.13894132,0.12218318,-47.86182,-6.9518757,961.png,0
962,0.17612962,0.09134986,-47.344833,-7.8864584,962.png,0
963,0.19047116,-0.04725268,-45.182564,-11.281,963.png,3
964,0.18550618,-0.13013794,-30.520374,-20.11854,964.png,3
965,0.15261964,-0.14098546,-29.258558,-20.698704,965.png,3
966,0.17723873,-0.10720193,-28.518501,-21.044355,966.png,3
967,0.14478913,-0.13668284,-26.534998,-21.476974,967.png,3
968,0.0799979,-0.2071039,-20.30033,-21.431715,968.png,1
969,0.063047804,-0.22409552,-19.52639,-21.801153,969.png,2
970,0.13182054,-0.09145057,-13.25284,-34.465847,970.png,2
971,0.11025725,-0.12029814,-13.772432,-34.90883,971.png,0
972,0.0892439,-0.16172092,-14.520424,-32.276928,972.png,0
973,0.19757938,-0.06186517,1.6183574,-48.705807,973.png,0
974,0.23002681,-0.013692151,1.4384224,-49.436382,974.png,2
975,0.19845487,0.044394284,-0.49603364,-52.892212,975.png,3
976,0.16608623,0.070630886,-1.1699662,-52.917477,976.png,0
977,0.05465272,0.09149686,20.466497,-35.558,977.png,0
978,0.049818534,0.04493559,20.173107,-33.321278,978.png,0
979,0.042310912,-0.0064128144,19.197664,-29.96751,979.png,0
980,0.038199276,-0.018853959,17.781382,-27.367884,980.png,3
981,0.025220832,-0.03241536,15.996481,-23.99101,981.png,3
982,-0.0054493253,-0.06329365,15.903491,-22.359316,982.png,3
983,0.0013916445,-0.055133868,15.301781,-21.190285,983.png,3
984,-0.0031033254,-0.092141636,11.039397,-17.053606,984.png,3
985,-0.021837473,-0.11197067,8.6926155,-12.663869,985.png,2
986,-0.016701678,-0.09646206,7.1496525,-11.253517,986.png,3
987,0.0036752054,-0.11902715,6.2525263,-11.444195,987.png,1
988,-0.004235391,-0.112303615,2.8905535,-9.404722,988.png,2
989,-0.014497283,-0.1226205,1.4673522,-8.838896,989.png,3
990,-0.06692688,-0.09595516,1.7474669,-6.435431,990.png,1
991,-0.09561306,-0.07214678,4.419995,0.37616077,991.png,2
992,-0.11412388,-0.08800248,4.206194,1.4461454,992.png,2
993,-0.11738051,-0.09063511,5.322736,6.8093114,993.png,3
994,-0.114668384,-0.12544268,14.603245,52.213596,994.png,0
995,-0.08402321,-0.16309638,16.435387,51.126873,995.png,2
996,-0.054209545,-0.17488861,17.173334,50.470333,996.png,0
997,-0.105936944,-0.17625585,23.128635,51.278667,997.png,0
998,-0.14774102,-0.18548259,25.925615,52.89294,998.png,2
999,-0.19615202,-0.16892074,29.131405,52.511356,999.png,0
1000,-0.23209912,-0.121461466,30.76449,52.954056,1000.png,0
1001,-0.30213273,-0.059672624,-5.650714,57.71085,1001.png,3
1002,-0.36233017,-0.0039012225,-8.56421,58.450222,1002.png,3
1003,-0.35541072,0.06789899,-16.412514,50.196793,1003.png,2
1004,-0.33459514,0.11451753,-15.799405,48.161205,1004.png,2
1005,-0.25290933,0.1474429,-20.565744,32.96623,1005.png,0
1006,-0.22418818,0.1847458,-23.472933,30.938862,1006.png,0
1007,-0.16038318,0.23359792,-31.745726,25.53623,1007.png,0
1008,-0.06996263,0.27616236,-34.536537,23.911615,1008.png,1
1009,-0.022403646,0.18236206,-37.747562,20.224583,1009.png,0
1010,0.020113617,0.16753873,-38.713684,19.539188,1010.png,0
1011,0.050660398,0.16101737,-42.718803,13.565142,1011.png,0
1012,0.069984935,0.08601435,-42.91684,8.826918,1012.png,0
1013,0.0849584,0.00768602,-43.055435,5.092101,1013.png,1
1014,0.09588437,0.00082277815,-43.595615,1.9467356,1014.png,3
1015,0.124840125,0.03559137,-44.027794,0.99338734,1015.png,0
1016,0.13685733,-0.028960913,-44.086098,-11.025702,1016.png,0
1017,0.23880892,-0.037746556,-43.85224,-14.419699,1017.png,0
1018,0.2530422,-0.028435837,-41.57335,-20.256168,1018.png,0
1019,0.23683216,-0.04897077,-22.658651,-35.421444,1019.png,1
1020,0.18275654,-0.12995829,-18.107487,-34.533936,1020.png,0
1021,0.25617948,-0.013081238,2.223626,-52.242706,1021.png,1
1022,0.24716234,0.039648976,1.390481,-52.885605,1022.png,1
1023,0.22152768,0.06284743,0.025099248,-53.279865,1023.png,1
1024,0.109132856,0.089176774,21.423351,-36.38598,1024.png,3
1025,0.044990934,0.057000145,21.160141,-34.685963,1025.png,0
1026,0.020378891,0.008432154,21.11457,-31.42877,1026.png,1
1027,0.03189038,0.012415831,20.027636,-30.119284,1027.png,3
1028,-0.011444223,-0.013394806,17.94904,-26.218369,1028.png,3
1029,-0.004523886,-0.029381203,16.708033,-23.463617,1029.png,3
1030,0.0032719134,-0.041763585,15.887641,-21.505655,1030.png,3
1031,0.00731814,-0.07614362,15.14562,-20.133116,1031.png,3
1032,-0.028853267,-0.08604903,11.829465,-15.859324,1032.png,3
1033,-0.02224567,-0.10635223,8.759262,-11.949822,1033.png,3
1034,-0.036083326,-0.09857129,7.867008,-11.1435375,1034.png,3
1035,-0.03126054,-0.076622434,6.1242423,-10.359563,1035.png,1
1036,-0.030944966,-0.10992431,2.8154845,-8.629842,1036.png,2
1037,-0.004086958,-0.1392114,1.8907341,-8.097899,1037.png,1
1038,-0.026622988,-0.11210589,0.9212114,-7.7311893,1038.png,3
1039,-0.08841816,-0.0972009,3.7809265,0.815878,1039.png,1
1040,-0.09853389,-0.112041906,3.8113265,2.2152925,1040.png,2
1041,-0.097364396,-0.14226364,12.207938,47.24942,1041.png,2
1042,-0.09732621,-0.1299377,14.610185,51.917267,1042.png,3
1043,-0.074509285,-0.157155,16.2278,51.358093,1043.png,0
1044,-0.08790687,-0.17718445,17.600855,53.512226,1044.png,2
1045,-0.16192439,-0.11016702,20.363214,56.03496,1045.png,3
1046,-0.20445569,-0.026472427,-2.0911715,41.895634,1046.png,0
1047,-0.23506312,0.0806779,-10.341567,14.872042,1047.png,1
1048,-0.24710377,0.16121726,-13.297994,13.999857,1048.png,3
1049,-0.17731568,0.2641695,-18.491058,9.13509,1049.png,3
1050,-0.06271391,0.26026946,-20.265717,8.3892145,1050.png,3
1051,0.07699773,0.17400694,-30.238955,2.9935617,1051.png,1
1052,0.11964959,0.10208292,-31.579893,1.4953661,1052.png,3
1053,0.19264765,-0.031196037,-37.482876,-9.327847,1053.png,2
1054,0.30790147,-0.031735756,-37.77022,-24.911732,1054.png,0
1055,0.21060808,-0.1510103,-26.3735,-31.186861,1055.png,0
1056,0.13441423,-0.22401619,-22.375107,-28.978603,1056.png,2
1057,0.16091321,-0.087062806,-7.1354814,-46.939877,1057.png,2
1058,0.1816306,-0.05949796,-6.5121446,-48.745224,1058.png,2
1059,0.23530142,0.04613089,-3.8269398,-52.953617,1059.png,0
1060,0.10937773,0.10062504,19.340185,-36.559162,1060.png,3
1061,0.028871162,0.0517891,21.642508,-33.73513,1061.png,3
1062,-0.013778822,-0.006172982,23.909552,-30.864233,1062.png,3
1063,-0.025382454,-0.0691669,38.87182,-20.44375,1063.png,1
1064,-0.0377659,-0.09588465,38.979755,-15.298748,1064.png,2
1065,-0.06477645,-0.09189771,36.10481,2.7947903,1065.png,2
1066,-0.076326326,-0.104017995,33.03249,12.568342,1066.png,0
1067,-0.1360428,-0.09907062,30.933813,16.942965,1067.png,0
1068,-0.1197644,-0.11409622,30.869928,18.167332,1068.png,2
1069,-0.11370418,-0.12581973,23.182884,27.911154,1069.png,0
1070,-0.08833602,-0.14619939,21.48336,28.253212,1070.png,0
1071,-0.08015263,-0.16636708,27.913944,43.115597,1071.png,3
1072,-0.24482675,-0.060539614,-5.771606,53.82285,1072.png,1
1073,-0.26178944,0.014563922,-9.988913,51.230564,1073.png,0
1074,-0.26029173,0.08901027,-21.372467,38.279907,1074.png,3
1075,-0.22717603,0.13497575,-23.960472,37.662457,1075.png,1
1076,-0.13865799,0.14184172,-26.741993,18.813246,1076.png,1
1077,-0.004405505,0.1783111,-28.522728,14.222033,1077.png,0
1078,0.075151905,0.1323817,-32.604527,3.6739588,1078.png,1
1079,0.13454741,0.08676474,-34.072926,0.7871715,1079.png,3
1080,0.19401124,-0.031229246,-38.35687,-9.109245,1080.png,2
1081,0.20907204,-0.05447989,-38.79536,-27.04266,1081.png,3
1082,0.131455,-0.17453943,-18.85288,-27.041307,1082.png,1
1083,0.18199624,-0.12614653,-6.4394183,-47.123123,1083.png,2
1084,0.2526836,0.014189382,-4.7147436,-50.859512,1084.png,0
1085,0.1430205,0.05219876,17.766117,-36.674946,1085.png,0
1086,0.0382921,-0.00065588165,19.486324,-31.693148,1086.png,2
1087,-0.013329242,-0.045418117,18.617432,-26.97411,1087.png,3
1088,-0.030401783,-0.07734998,17.508064,-22.138477,1088.png,3
1089,-0.039008874,-0.088058114,16.229898,-17.876913,1089.png,1
1090,-0.074233405,-0.10710832,14.917763,-10.321133,1090.png,3
1091,-0.09594214,-0.10551471,12.41025,-1.6450897,1091.png,1
1092,-0.09879197,-0.10442938,10.535021,2.9926832,1092.png,2
1093,-0.10255285,-0.10509643,9.790408,3.8666863,1093.png,2
1094,-0.10277596,-0.131711,17.541445,45.61502,1094.png,3
1095,-0.047731057,-0.17467138,15.569573,48.514572,1095.png,1
1096,-0.07834513,-0.1744328,17.889427,52.566223,1096.png,1
1097,-0.15220666,-0.091006584,0.3568138,41.973873,1097.png,1
1098,-0.17863543,-0.012089274,-2.166699,41.059277,1098.png,1
1099,-0.18450496,0.062475603,-10.864882,13.84909,1099.png,3
1100,-0.15511127,0.13176978,-12.522669,11.192194,1100.png,3
1101,-0.06667795,0.13232106,-18.286455,4.3274646,1101.png,3
1102,-0.0027725198,0.106216796,-19.357204,3.0072274,1102.png,2
1103,0.053194318,0.025887689,-24.2117,-0.794914,1103.png,2
1104,0.13845296,0.012704984,-26.895678,-8.634756,1104.png,1
1105,0.17673518,-0.08350614,-28.272154,-11.196484,1105.png,3
1106,0.14541654,-0.15637742,-18.333162,-25.367643,1106.png,3
1107,0.098338805,-0.21069539,-17.427835,-25.495995,1107.png,2
1108,0.06913155,-0.20276606,-15.183623,-25.537884,1108.png,2
1109,0.095188975,-0.1625814,-13.10776,-42.929882,1109.png,1
1110,0.14003189,-0.102313474,-13.37784,-44.254322,1110.png,3
1111,0.109856926,-0.11618799,-13.538371,-43.62976,1111.png,3
1112,0.07362953,-0.10735333,-3.5048897,-23.846996,1112.png,3
1113,0.06698481,-0.118593566,-3.5172813,-23.339075,1113.png,3
1114,0.028642684,-0.1202516,-3.6538355,-22.07082,1114.png,1
1115,0.020267839,-0.100866996,-0.8635561,-15.640445,1115.png,1
1116,0.0204601,-0.11634028,-0.13312528,-15.172392,1116.png,1
1117,0.006610763,-0.118418194,0.23012218,-13.617275,1117.png,2
1118,-0.022553923,-0.1235136,1.4256057,-9.678635,1118.png,2
1119,-0.04828972,-0.09545916,-0.7094897,-6.5192933,1119.png,1
1120,-0.06331088,-0.10919914,-1.704661,-6.17676,1120.png,3
1121,-0.040375546,-0.13035472,-2.9309998,-6.5358925,1121.png,0
1122,-0.013264109,-0.17124149,-11.634541,-23.422028,1122.png,3
1123,0.026753528,-0.2007262,-13.311299,-25.000532,1123.png,1
1124,0.04212741,-0.20816487,-14.124274,-24.932432,1124.png,3
1125,0.04154703,-0.21050188,-13.86762,-25.46628,1125.png,3
1126,0.036700554,-0.17147247,-11.862251,-25.789507,1126.png,1
1127,0.014029011,-0.09640623,5.878238,-18.665567,1127.png,3
1128,-0.01252697,-0.06686398,7.753406,-18.973515,1128.png,3
1129,-0.00014439327,-0.13435973,8.932597,-15.135068,1129.png,1
1130,-0.043569528,-0.077827714,12.146414,-13.467369,1130.png,3
1131,-0.050902676,-0.11508152,11.530529,-11.235045,1131.png,2
1132,-0.097039506,-0.06590718,15.805402,-4.2943683,1132.png,2
1133,-0.10553312,-0.066644944,13.6997175,-0.9180954,1133.png,3
1134,-0.14730789,-0.041941006,14.437112,1.9647664,1134.png,1
1135,-0.14364295,-0.069613054,12.224315,5.221659,1135.png,3
1136,-0.16288099,-0.08302681,12.77439,5.9790444,1136.png,2
1137,-0.13334034,-0.12044048,30.632523,38.543606,1137.png,2
1138,-0.14293306,-0.15548883,30.728376,39.575302,1138.png,2
1139,-0.12673377,-0.16567996,32.47733,43.125515,1139.png,1
1140,-0.111470826,-0.16487226,32.528484,44.661892,1140.png,0
1141,-0.10306727,-0.17803332,33.01957,46.085987,1141.png,2
1142,-0.1474181,-0.17108947,33.019608,48.36805,1142.png,0
1143,-0.22795483,-0.08990818,-4.3818455,54.69128,1143.png,0
1144,-0.27540326,-0.032703537,-7.183376,53.138493,1144.png,3
1145,-0.27856204,0.045160245,-12.343563,50.177635,1145.png,0
1146,-0.24669671,0.11227815,-19.620409,34.566696,1146.png,0
1147,-0.21586274,0.18026327,-23.513638,32.21741,1147.png,0
1148,-0.10772919,0.19854185,-35.987335,26.302399,1148.png,0
1149,-0.038071994,0.24496719,-39.905243,23.8953,1149.png,1
1150,0.01927166,0.26964784,-43.665985,21.898312,1150.png,0
1151,0.083837055,0.18283488,-47.554478,11.20541,1151.png,1
1152,0.095541395,0.06739408,-47.4763,1.4441404,1152.png,1
1153,0.1407186,-0.0021473821,-46.337723,-10.007812,1153.png,3
1154,0.2148075,-0.021088876,-44.625095,-13.240303,1154.png,3
1155,0.201953,-0.06977005,-42.47767,-16.170546,1155.png,1
1156,0.13938797,-0.14265001,-26.56681,-22.173225,1156.png,1
1157,0.06076362,-0.21704288,-20.007944,-19.512953,1157.png,1
1158,0.034837693,-0.21682729,-17.089342,-20.139013,1158.png,0
1159,0.04606455,-0.25346214,-15.085743,-19.688753,1159.png,1
1160,0.03983565,-0.25563857,-14.264882,-19.797548,1160.png,1
1161,0.05034636,-0.17551494,-10.316443,-30.77091,1161.png,3
1162,0.053438324,-0.16083656,-10.296419,-30.91387,1162.png,3
1163,0.14913878,-0.16910516,-8.188737,-37.513206,1163.png,1
1164,0.10358486,-0.25093204,-9.996322,-34.0315,1164.png,3
1165,0.22455794,-0.093181156,1.7639707,-47.446842,1165.png,0
1166,0.18688016,0.1379357,24.407057,-45.763016,1166.png,3
1167,0.04190093,0.1266428,26.983376,-36.978798,1167.png,3
1168,-0.084824294,0.010516742,48.62591,-16.17687,1168.png,2
1169,-0.088688314,-0.095032625,37.168304,3.8630137,1169.png,2
1170,-0.10378136,-0.10289982,37.502598,15.619443,1170.png,0
1171,-0.10470212,-0.1135469,29.27555,25.144342,1171.png,0
1172,-0.089287214,-0.121250845,29.560598,26.747168,1172.png,0
1173,-0.1522584,-0.12997805,27.332882,47.828316,1173.png,3
1174,-0.34529707,0.035435367,-7.877734,46.64861,1174.png,1
1175,-0.33014593,0.21866041,-24.302639,40.002697,1175.png,0
1176,-0.18495128,0.2745438,-28.391447,18.03459,1176.png,0
1177,0.090719715,0.25538316,-36.180004,5.1463637,1177.png,1
1178,0.27845415,0.040484708,-52.168556,-11.864146,1178.png,3
1179,0.23769234,-0.18417205,-30.658995,-25.102484,1179.png,2
1180,0.27161157,0.014832762,15.800927,-57.147682,1180.png,2
1181,0.27209148,0.14720277,16.167728,-56.54164,1181.png,0
1182,0.1033382,0.06913931,33.118233,-43.540066,1182.png,2
1183,-0.014270285,-0.06648149,28.631474,-13.422549,1183.png,2
1184,-0.04180553,-0.1222007,29.49752,-8.109356,1184.png,1
1185,-0.06957571,-0.117327705,29.087961,-7.3737726,1185.png,2
1186,-0.0779359,-0.12613514,21.138445,21.818363,1186.png,2
1187,-0.08166281,-0.11723379,18.837675,23.557732,1187.png,3
1188,-0.14911704,-0.11602404,0.97099644,30.694178,1188.png,3
1189,-0.30316845,0.10095145,-13.299019,52.607708,1189.png,1
1190,-0.28518212,0.3169372,-24.879343,43.30848,1190.png,0
1191,-0.10306168,0.33205125,-29.81629,18.715134,1191.png,0
1192,0.12480684,0.26488283,-35.048748,5.0027275,1192.png,3
1193,0.27855822,0.095591635,-40.85344,-8.777167,1193.png,3
1194,0.29744777,-0.14142461,-29.815037,-28.293274,1194.png,1
1195,0.021449102,-0.22175771,-21.021156,-28.329634,1195.png,0
1196,0.09391611,-0.1400731,-8.215034,-45.30585,1196.png,0
1197,0.24664904,-0.05905856,-11.463764,-50.292267,1197.png,3
1198,0.20138909,0.058462534,1.2983937,-33.956432,1198.png,3
1199,0.068595625,0.006749823,2.8970253,-26.742542,1199.png,3
1200,0.038006634,-0.048101574,2.8450797,-20.53297,1200.png,3
1201,0.008223986,-0.14629216,1.900828,-14.293866,1201.png,2
1202,-0.03331305,-0.13949467,1.0648198,-11.167736,1202.png,1
1203,-0.0555728,-0.12050284,-0.82640266,-4.45223,1203.png,2
1204,-0.030463671,-0.12027686,-3.0972586,-7.0542393,1204.png,0
1205,-0.021343222,-0.16012952,-4.4107738,-8.0559635,1205.png,0
1206,0.01081915,-0.19208047,-13.3403225,-24.095709,1206.png,0
